Train Loss,Train Acc,Test Loss,Test Acc
0.014908982243925648,99.45184516447681,0.7171198587394169,81.684987573506
0.010022169448586998,99.69090382797492,0.6240649430017896,92.15796597744905
0.008396810743879227,99.74980820653373,0.8419324909629892,92.35601824910218
0.007253758256071026,99.77936160608557,0.8901942518067057,92.5772194875719
0.007204376378382633,99.80648595909891,0.8667326197326372,92.2987888589167
0.006812357260511077,99.82591833140697,0.9042785152540742,92.40520980358745
0.006752313824625441,99.82854979849034,0.9323590802362116,92.5463541984831
0.006561242500609396,99.84413618044577,0.8684114845823923,92.17404164884947
0.006923574683269094,99.84899427352279,0.9639552523730257,92.66692173398621
0.0062095055986395985,99.84858943243303,0.9047105825823712,92.47658578460529
