Train Loss,Train Acc,Test Loss,Test Acc
0.017468803908327522,99.47775499422089,1.3597901698740826,91.50786582601623
0.012930313818527427,99.676127128199,0.578989338050364,92.27338929810404
0.012516670549950593,99.713574929001,1.205206345201895,92.23223557931897
0.011002117985236832,99.75162999143761,1.2575663855434753,81.87628806317096
0.01104159224084882,99.76660911175841,1.1269021563920896,92.32193782573329
0.012597197495317503,99.76883573775204,3.2850657542151884,92.11713377209199
0.011566210143933033,99.77207446647004,2.6557954307851492,92.3261175002974
0.013111721675880726,99.78401727861771,2.9297721119949145,92.38302537705488
0.011257165131557622,99.79292378259224,2.3611090681649265,88.41587118886021
0.013293697742294735,99.78766084842547,2.1871377252089883,92.2447746030113
