Train Loss,Train Acc,Test Loss,Test Acc
0.04113043733289247,99.16562251402269,1.048267648834142,81.47021660359646
0.02685429806819312,99.54678040002348,2.550392722950318,91.30756296036704
0.02753971595788373,99.64961003682029,4.475464156418351,92.0203582302615
0.026691842680528488,99.64677614919204,2.08358414678943,81.70974410746265
0.026737419278238757,99.55872321217115,5.142589847106013,92.15571538345299
0.029011058901431745,99.58928871444736,4.313167278014625,92.26117178783971
0.03598432449984412,99.65365844771782,5.598342550083032,92.16182413858515
0.03681363805244932,99.69252319233392,4.615518210280353,92.32290236601732
0.021344735815618555,99.72207659188577,5.0986561141934805,92.16343170572519
0.02386277911741902,99.76154859813651,5.01611527120462,81.2364763414344
