Train Loss,Train Acc,Test Loss,Test Acc
0.14341316465086498,98.64155572333969,4.157809619700305,89.2235129200171
0.059061603278699415,99.14335625408637,4.733981084822447,81.1204099939234
0.21557465171130438,98.55815845885094,0.8696803323991492,81.0853650302705
0.24787361935395671,98.6083587539801,0.937722310685522,81.24322812342257
0.1843476045430097,98.86502800488239,1.033645959922765,81.3023865941761
1.1761869229309772,98.1158695682977,1.1126354243707772,81.34514788010121
1.355493951715479,98.54459628234427,13.885619846783548,86.11512109803266
1.251688467789812,98.73892000542487,8.251130885449948,91.74964392387848
1.384732413516864,98.60269097872357,18.998260826927154,81.00241456584435
1.3514665797359109,98.64013877952557,18.936532431865427,81.06414514402194
