Train Loss,Train Acc,Test Loss,Test Acc
18.41244290018925,81.40747053262918,19.482963452908237,80.51853685669182
19.689989636634497,80.30893423558918,19.482963452908237,80.51853685669182
19.689989636634497,80.30893423558918,19.482963452908237,80.51853685669182
19.691082647839885,80.30893423558918,19.482963452908237,80.51853685669182
19.689989636634497,80.30893423558918,19.482963452908237,80.51853685669182
19.691082647839885,80.30893423558918,19.482963452908237,80.51853685669182
19.692175659045276,80.30893423558918,19.482963452908237,80.51853685669182
19.689989636634497,80.30893423558918,19.482963452908237,80.51853685669182
19.691082647839885,80.30893423558918,19.482963452908237,80.51853685669182
19.692175659045276,80.30893423558918,19.482963452908237,80.51853685669182
