Train Loss,Train Acc,Test Loss,Test Acc
0.021351290010120063,99.02453539424437,0.5937582374714165,91.37315169968073
0.010088626787710664,99.6421204766599,0.6868531885446025,92.13899668519656
0.008388159574560761,99.72632742332816,0.5341629595005913,92.26149330126773
0.007208809924562134,99.759119551598,0.7562805664530248,92.02646698539364
0.006466754470135963,99.78098097044457,0.6325349168577229,92.27403232496005
0.005891878778173894,99.80770048236816,0.7067036341779361,92.22934195846689
0.005450684647903913,99.81478520143881,0.7443010415315066,92.21905352877063
0.0051441993785024615,99.8321933682981,0.7979375255363264,92.28399924122832
0.00480610831181196,99.84433860099064,0.7356167370659255,92.38302537705488
0.00446668906714152,99.8530426844203,0.8196417282361199,92.29300161721254
0.004340590030053964,99.86154434730507,0.7150210195568877,92.44990017008061
0.004227068985654381,99.86781938419622,0.7476100503324141,92.34990949397002
0.003973810986923118,99.87733314980537,0.7462227969519223,92.40070861559533
0.003897687581314717,99.88381060724139,0.7314468240801028,92.42932331068808
0.0037895396001772865,99.88279850451701,0.7604518965320634,92.37659510849471
