Train Loss,Train Acc,Test Loss,Test Acc
0.0139199712274333,99.49455589944557,0.909339426795698,92.0476868716422
0.007392501752079968,99.76053649541214,1.0362028682184539,92.11874133923203
0.006253660847404089,99.80689080018865,0.6697601767117748,92.28592832179636
0.005888335470992851,99.81903603288119,0.7413856706797495,92.16118111172914
0.0051075261430057394,99.84697006807403,0.6536893498970007,92.5659665175916
0.004771340066798012,99.85931772131144,0.7276934500672193,92.2524909252835
0.004397433866420507,99.87126053345911,0.7350830808605914,92.45954557292086
0.004127801078126912,99.87591620599125,0.6869184877416387,92.62158834063705
0.004030590705335763,99.88279850451701,0.8398052247317433,92.48687421430157
0.0041572927112755904,99.88441786887601,0.8686439010947027,92.52159766452645
0.003677154487051986,99.89008564413254,1.0537475418284712,92.52802793308662
0.003467819497516139,99.89494373720956,1.0555483968142696,92.49844869770986
0.0034607331770374295,99.8995994097417,0.5798919462205548,92.59876088724846
0.003376947394206464,99.89878972756219,0.9617321689118984,92.41067553186359
0.003375132419783951,99.90789865208158,0.9435362185261992,92.49105388886566