Train Loss,Train Acc,Test Loss,Test Acc
0.013871462541630354,99.50913017867661,1.028824887963528,92.24220249558722
0.007454042857556713,99.77450351300855,0.8441671157452987,92.37145089364657
0.0065777588499204296,99.80628353855403,1.0865512401428787,92.25088335814345
0.006646573837518331,99.82632317249671,1.238223752415965,92.42578666297997
0.005090290608177995,99.84069503118289,0.6309360452528158,92.1676113802893
0.005454721908728806,99.85749593640756,0.8124499296617113,92.22259017647872
0.00478599910833064,99.8637709732987,1.276573172536677,92.37370148764263
0.004564723385866227,99.86660486092697,1.6210318394206311,92.40360223644741
0.004446236050189561,99.87530894435662,1.3389905632356305,92.44990017008061
0.00423856564002297,99.87308231836299,1.8403836857626252,92.3646991116584
0.0043096013645659475,99.88644207432478,1.1120945151043735,92.34283619855383
0.004273569756767757,99.88927596195303,1.585815006635383,92.2994318857727
0.0039678901385591485,99.89008564413254,1.8158400891347888,92.35859035652624
0.004718957003657504,99.89595583993393,1.364751081930704,92.37048635336255
0.004786347876874591,99.89737278374805,1.2684177244855623,92.16954046085735
