Train Loss,Train Acc,Test Loss,Test Acc
0.014825977013876427,99.47411142441314,0.748730891683425,81.73257156085124
0.008835942076808502,99.75304693525175,0.7033643032940698,92.21326628706647
0.007887224482979998,99.79312620313712,1.5967876153014409,92.20137029023017
0.006779092866091246,99.82207234105432,0.9006790971037048,92.22098260933868
0.0063444350024405,99.84130229281752,1.308061749631488,92.32290236601732
0.006061582800805063,99.85709109531781,2.326550990215973,92.31518604374511
0.005790397844502718,99.8579007774973,2.0545887680227732,92.19944120966213
0.005040461606700783,99.85992498294607,1.9115347260414264,92.42353606898392
0.0057859996292858665,99.87247505672836,1.5942408248946434,92.2528124387115
0.004906266853018154,99.87733314980537,0.825685382063363,92.43382449868018
0.006248836042912199,99.87510652381174,1.3694461138542524,92.30071793948474
0.005504033193947053,99.88158398124776,0.8466115344871843,92.47980091888537
0.004705955206366429,99.87895251416438,1.2033350880534526,92.47594275774928
0.004402881802135748,99.8854299716004,0.9489193890256336,92.62866163605322
0.0038747180820007028,99.8913001674018,1.0156204518314544,92.50616501998206
