Train Loss,Train Acc,Test Loss,Test Acc
0.0158923822683498,99.43443699761751,0.5243553634353131,92.48687421430157
0.010634928570266315,99.73482908621294,1.0119328616111114,92.38366840391089
0.009552125904218053,99.76964541993154,1.3446256153879967,92.37948872934678
0.00755778259836031,99.8123561549003,1.2184352780272887,92.29782431863266
0.009535891005932174,99.82794253685572,1.4999094724507829,92.22355471676275
0.008573388971643257,99.82854979849034,1.3165368366839956,92.12259950036814
0.006554888042079426,99.85688867477293,1.1117463237408758,92.4730491368972
0.007593902169587212,99.85547173095881,1.0417607455362121,92.29396615749657
0.008049723277734233,99.86437823493333,1.52631403321465,92.48398059344949
0.0066514933655774855,99.87591620599125,1.2532838159422355,92.40617434387147
0.008128632941533313,99.87571378544637,1.8442050441141664,92.3727369473586
0.009469742727993617,99.87530894435662,2.1566891546108375,92.17082651456938
0.008150949390249284,99.87470168272199,2.1085800516686137,92.33126171514553
0.010351468865175087,99.8704508512796,1.0955203308985546,92.41999942127583
0.009564020072794934,99.88239366342727,1.1131573269760027,92.3184011780252
